frame_idx,mse_full,mse_lbs,mse_full_centered,mse_lbs_centered,global_translation_magnitude
0,2.6116926164831966e-05,4.9296682846033946e-05,2.563261477916967e-05,4.907169204670936e-05,0.001205385779030621
1,2.5673849449958652e-05,4.7489993448834866e-05,2.5252869818359613e-05,4.7223966248566285e-05,0.0011237874859943986
2,2.6246236302540638e-05,4.789728336618282e-05,2.5867400836432353e-05,4.759071453008801e-05,0.0010660708649083972
3,2.5877901862259023e-05,4.6315650251926854e-05,2.5601832021493465e-05,4.594612983055413e-05,0.0009100658353418112
4,2.476514237059746e-05,4.4364958739606664e-05,2.455145659041591e-05,4.393377821543254e-05,0.0008006739080883563
5,2.4643699362059124e-05,4.4842487113783136e-05,2.4483379092998803e-05,4.434505899553187e-05,0.0006935119745321572
6,2.4027727704378776e-05,4.400529360282235e-05,2.389494147791993e-05,4.35170040873345e-05,0.0006311452016234398
7,2.2834959963802248e-05,4.160003300057724e-05,2.273483005410526e-05,4.116170384804718e-05,0.0005480644758790731
8,2.065740955004003e-05,3.900898082065396e-05,2.063146894215606e-05,3.869625288643874e-05,0.00027891318313777447
9,2.0613711967598647e-05,3.512278635753319e-05,2.057949677691795e-05,3.4914901334559545e-05,0.00032037057098932564
10,2.333190968784038e-05,3.334591383463703e-05,2.328842310816981e-05,3.3219028409803286e-05,0.00036116805858910084
11,2.4677699911990203e-05,3.097876106039621e-05,2.4606892111478373e-05,3.0872179195284843e-05,0.000460863666376099
12,2.5112747607636265e-05,2.9503144105547108e-05,2.5042920242412947e-05,2.9423152227536775e-05,0.00045769993448629975
13,2.455493449815549e-05,2.832940299413167e-05,2.4468063202220947e-05,2.8238944651093334e-05,0.0005104946903884411
14,2.477631096553523e-05,2.798508467094507e-05,2.469723767717369e-05,2.7905229217140004e-05,0.0004870405828114599
15,2.5222210751962848e-05,2.7648753530229442e-05,2.512896026019007e-05,2.7563422918319702e-05,0.0005289234104566276
16,2.5833940526354127e-05,2.8251604817342013e-05,2.574042446212843e-05,2.815844891301822e-05,0.0005296851741150022
17,2.647626752150245e-05,2.93732518912293e-05,2.6385218006907962e-05,2.9255890694912523e-05,0.0005226501962170005
18,2.677902921277564e-05,3.182916407240555e-05,2.671633592399303e-05,3.168029070366174e-05,0.0004336574056651443
19,2.6033390895463526e-05,3.4407687053317204e-05,2.599734034447465e-05,3.424117312533781e-05,0.0003288610023446381
20,2.5292905775131658e-05,3.5001539799850434e-05,2.527330070734024e-05,3.48524481523782e-05,0.00024253965239040554
21,2.4313179892487824e-05,3.536586882546544e-05,2.429764390399214e-05,3.521208054735325e-05,0.0002158561983378604
22,2.4177146769943647e-05,3.54403346136678e-05,2.415595736238174e-05,3.526554428390227e-05,0.00025210538296960294
23,2.4271597794722766e-05,3.820210986305028e-05,2.4250626665889286e-05,3.803641448030248e-05,0.00025083907530643046
24,2.4982251488836482e-05,4.014841761090793e-05,2.4953367756097578e-05,3.996497252956033e-05,0.0002943862637039274
25,2.687121923372615e-05,4.37708331446629e-05,2.6824231099453755e-05,4.3570260459091514e-05,0.0003754983190447092
26,2.6657380658434704e-05,4.429567707120441e-05,2.6600813725963235e-05,4.407176311360672e-05,0.00041189821786247194
27,2.763143857009709e-05,4.5710101403528824e-05,2.7576568754739128e-05,4.547951175482012e-05,0.0004057534388266504
28,2.7693729862221517e-05,4.5759348722640425e-05,2.763889278867282e-05,4.552703830995597e-05,0.0004056410398334265
29,2.843094443960581e-05,4.6500234020641074e-05,2.836253770510666e-05,4.623656423063949e-05,0.00045300935744307935
30,2.811559352267068e-05,4.6176712203305215e-05,2.8041173209203407e-05,4.5868964662076905e-05,0.00047253939555957913
31,2.913049320341088e-05,4.81715178466402e-05,2.9035074476269074e-05,4.778855509357527e-05,0.0005349972634576261
32,2.9951441320008598e-05,5.3382238547783345e-05,2.9847178666386753e-05,5.2827675972366706e-05,0.0005593199166469276
33,3.0192810299922712e-05,6.252241291804239e-05,3.011545049957931e-05,6.168645631987602e-05,0.0004817569279111922
34,2.95208901661681e-05,7.04741250956431e-05,2.944634616142139e-05,6.93952533765696e-05,0.0004728922212962061
35,3.038106660824269e-05,7.466442184522748e-05,3.0313969546114095e-05,7.342829485423863e-05,0.0004486780089791864
36,3.0335382689372636e-05,7.401737093459815e-05,3.027331331395544e-05,7.273523806361482e-05,0.0004315196711104363
37,3.053131513297558e-05,7.17738366802223e-05,3.0468794648186304e-05,7.049810665193945e-05,0.0004331402014940977
38,3.104680581600405e-05,6.817251414759085e-05,3.098843080806546e-05,6.697903882013634e-05,0.00041845449595712125
39,3.127772288280539e-05,6.414865492843091e-05,3.1215724447974935e-05,6.304948328761384e-05,0.0004312677192501724
40,3.1154966563917696e-05,6.070291783544235e-05,3.108758755843155e-05,5.9659432736225426e-05,0.00044954923214390874
41,3.071744868066162e-05,5.6598681112518534e-05,3.064793781959452e-05,5.564277671510354e-05,0.0004566870047710836
42,2.9856861146981828e-05,5.272485577734187e-05,2.9778504540445283e-05,5.1859253289876506e-05,0.00048478864482603967
43,2.9847662517568097e-05,4.999402881367132e-05,2.9776480005239137e-05,4.9226582632400095e-05,0.00046208646381273866
44,2.9949274903628975e-05,4.8364148824475706e-05,2.9898063075961545e-05,4.770356463268399e-05,0.0003918758302461356
45,3.027224556717556e-05,4.780807648785412e-05,3.0224236979847774e-05,4.7264082240872085e-05,0.0003794982621911913
46,3.155973172397353e-05,4.979007280780934e-05,3.150301563437097e-05,4.9303023843094707e-05,0.00041251099901273847
47,3.061917959712446e-05,4.910342249786481e-05,3.055780325667001e-05,4.861567140324041e-05,0.0004290887154638767
48,3.1222079996950924e-05,4.977640128345229e-05,3.116254083579406e-05,4.92499275424052e-05,0.0004225944576319307
49,3.0622923077316955e-05,4.887070463155396e-05,3.056347486563027e-05,4.8311572754755616e-05,0.00042223127093166113
